gpa,gender,breakfast,calories_chicken,calories_day,calories_scone,coffee,comfort_food,comfort_food_reasons,comfort_food_reasons_coded,cook,comfort_food_reasons_coded.1,cuisine,diet_current,diet_current_coded,drink,eating_changes,eating_changes_coded,eating_changes_coded1,eating_out,employment,ethnic_food,exercise,father_education,father_profession,fav_cuisine,fav_cuisine_coded,fav_food,food_childhood,fries,fruit_day,grade_level,greek_food,healthy_feeling,healthy_meal,ideal_diet,ideal_diet_coded,income,indian_food,italian_food,life_rewarding,marital_status,meals_dinner_friend,mother_education,mother_profession,nutritional_check,on_off_campus,parents_cook,pay_meal_out,persian_food,self_perception_weight,soup,sports,thai_food,tortilla_calories,turkey_calories,type_sports,veggies_day,vitamins,waffle_calories,weight
2.4,2.0,1.0,430.0,1.0,315.0,1.0,,,9.0,2.0,9.0,1.0,,1.0,1.0,,1.0,1.0,3.0,3.0,1.0,1.0,5.0,profesor,arabic cuisine,3.0,1.0,rice  and chicken,2.0,5.0,2.0,5.0,2.0,looks not oily,being healthy,8.0,5.0,5.0,5.0,1.0,1.0,"rice, chicken,  soup",1.0,unemployed,5.0,1.0,1.0,2.0,5.0,3.0,1.0,1.0,1.0,1165.0,345.0,car racing,5.0,1.0,1315.0,187.0
3.654,1.0,1.0,610.0,3.0,420.0,2.0,,,1.0,3.0,1.0,1.0,,2.0,2.0,,1.0,2.0,2.0,2.0,4.0,1.0,2.0,self employed,italian,1.0,1.0,"chicken and biscuits, beef soup, baked beans",1.0,4.0,4.0,4.0,5.0,"grains, veggies, (more of grains and veggies), small protein and fruit with dairy","try to eat 5-6 small meals a day. while trying to properly distribute carbs, protein, fruits, veggies, and dairy",3.0,4.0,4.0,4.0,1.0,2.0,"pasta, steak, chicken",4.0,nurse rn,4.0,1.0,1.0,4.0,4.0,3.0,1.0,1.0,2.0,725.0,690.0,basketball,4.0,2.0,900.0,155.0
3.3,1.0,1.0,720.0,4.0,420.0,2.0,,,1.0,1.0,1.0,3.0,,3.0,1.0,,1.0,3.0,2.0,3.0,5.0,2.0,2.0,owns business,italian,1.0,3.0,"mac and cheese, pizza, tacos",1.0,5.0,3.0,5.0,6.0,usually includes natural ingredients; nonprocessed food,i would say my ideal diet is my current diet,6.0,6.0,5.0,5.0,7.0,2.0,"chicken and rice with veggies, pasta, some kind of healthy recipe",2.0,owns business,4.0,2.0,1.0,3.0,5.0,6.0,1.0,2.0,5.0,1165.0,500.0,none,5.0,1.0,900.0,140.0
3.2,1.0,1.0,430.0,3.0,420.0,2.0,,,2.0,2.0,2.0,2.0,,2.0,2.0,,1.0,3.0,2.0,3.0,5.0,3.0,2.0,mechanic,turkish,3.0,1.0,"beef stroganoff, tacos, pizza",2.0,4.0,4.0,5.0,7.0,"fresh fruits& vegetables, organic meats","healthy, fresh veggies/fruits & organic foods",2.0,6.0,5.0,5.0,2.0,2.0,grilled chicken,,unknown,,,,,,,,,,,,unknown,,,,
,,,,,,,,,,,,,,,,,,,,,,,,unknown,unknown,,,unknown,,,,,,unknown,unknown,,,,,,,unknown,,unknown,,,,,,,,,,,,unknown,,,,
,4.0,,2.0,1.0,1.0,2.0,5.0,5.0,1.0,2.0,5.0,725.0,690.0,,3.0,1.0,1315.0,240.0,,,,,,unknown,unknown,,,unknown,,,,,,unknown,unknown,,,,,,,unknown,,unknown,,,,,,,,,,,,unknown,,,,
3.5,1.0,1.0,720.0,2.0,420.0,2.0,,,1.0,1.0,1.0,2.0,,2.0,2.0,,3.0,4.0,2.0,2.0,4.0,1.0,4.0,it,italian,1.0,3.0,"pasta, chicken tender, pizza",1.0,4.0,4.0,4.0,6.0,"a lean protein such as grilled chicken, green vegetables and  brown rice or other whole grain",ideally i would like to be able to eat healthier foods in order to loose weight,2.0,6.0,2.0,5.0,1.0,1.0,"chicken parmesan, pulled pork, spaghetti and meatballs",5.0,substance abuse conselor,3.0,1.0,1.0,4.0,2.0,4.0,1.0,1.0,4.0,940.0,500.0,softball,4.0,2.0,760.0,190.0
2.25,1.0,1.0,610.0,3.0,980.0,2.0,,,4.0,3.0,4.0,1.0,,2.0,2.0,,1.0,3.0,1.0,3.0,4.0,2.0,1.0,taxi driver,african,6.0,3.0,"fries, plaintain & fried fish",1.0,2.0,2.0,2.0,4.0,"requires veggies, fruits and a cooked meal",my ideal diet is to eat 3 times a day including breakfast on time. eat healthy food,2.0,1.0,5.0,5.0,4.0,2.0,anything they'd want. i'd ask them before hand what they want to eat and it depends on which type of friend is coming,1.0,hair braider,1.0,1.0,2.0,5.0,5.0,5.0,1.0,2.0,4.0,940.0,345.0,none,1.0,2.0,1315.0,190.0
3.8,2.0,1.0,610.0,3.0,420.0,2.0,,,1.0,2.0,1.0,1.0,,3.0,1.0,,2.0,5.0,2.0,3.0,5.0,1.0,4.0,assembler,thai,4.0,1.0,"grilled chicken, hamburgers",1.0,4.0,4.0,5.0,4.0,"protein, vegetables, fruit, and some carbs","i would ideally like to eat more fresh fruits and vegetables. however, its difficult to get to the store all the time to buy fresh",2.0,4.0,5.0,5.0,8.0,1.0,"grilled chicken, steak, pizza",4.0,journalist,4.0,2.0,2.0,2.0,5.0,4.0,1.0,1.0,5.0,940.0,690.0,soccer,4.0,1.0,1315.0,180.0
3.3,1.0,1.0,720.0,3.0,420.0,1.0,,,1.0,3.0,1.0,1.0,,1.0,2.0,,2.0,5.0,2.0,2.0,2.0,2.0,3.0,business guy,anything american style,5.0,1.0,"chicken, cheesey potatoes, and hot dogs",1.0,5.0,2.0,3.0,3.0,a healthy meal has a piece of meat followed by a lot of fruit and veggies,my ideal diet is filled with a lot of fruit and chicken. i also really enjoy eggs any type of way with toast,2.0,5.0,1.0,3.0,3.0,1.0,"chicken, steak, pasta",2.0,cook,4.0,1.0,1.0,5.0,1.0,3.0,1.0,2.0,1.0,725.0,500.0,none,4.0,2.0,1315.0,137.0
3.3,1.0,1.0,430.0,1.0,420.0,1.0,,,2.0,3.0,2.0,1.0,,1.0,1.0,,2.0,8.0,5.0,2.0,5.0,1.0,5.0,high school principal,seafood,1.0,3.0,"shrimp, spaghetti",1.0,4.0,1.0,5.0,7.0,colorful,the same as it is now,6.0,5.0,5.0,5.0,8.0,2.0,"pasta, fish, steak",5.0,elementary school teacher,2.0,1.0,2.0,3.0,5.0,4.0,2.0,2.0,5.0,725.0,345.0,none,3.0,2.0,760.0,180.0
3.3,1.0,1.0,430.0,3.0,315.0,2.0,,,1.0,3.0,1.0,1.0,,1.0,1.0,,1.0,3.0,3.0,3.0,5.0,1.0,5.0,commissioner of erie county,italian,1.0,1.0,"pasta, eggs, pancakes",1.0,5.0,1.0,5.0,3.0,chicken and rice with a side of veggies,"lots of protein, carbs, and fruits and veggies",2.0,4.0,4.0,5.0,3.0,2.0,pasta salad and bread,5.0,pharmaceutical rep,5.0,1.0,3.0,3.0,4.0,3.0,1.0,1.0,4.0,580.0,345.0,field hockey,5.0,1.0,900.0,125.0
3.5,1.0,1.0,610.0,3.0,980.0,2.0,,,2.0,1.0,2.0,1.0,,1.0,2.0,,3.0,4.0,2.0,1.0,5.0,1.0,2.0,idk,orange chicken and chow mani noodles,4.0,1.0,chicken,1.0,5.0,3.0,1.0,9.0,"chicken, and veggies","chicken, fish",7.0,3.0,1.0,5.0,8.0,1.0,"chicken al king, spaghetti, fish",4.0,chidos cleaners,2.0,3.0,1.0,2.0,2.0,1.0,1.0,1.0,2.0,940.0,345.0,soccer,5.0,2.0,900.0,116.0
3.904,1.0,1.0,720.0,4.0,420.0,2.0,,,3.0,3.0,3.0,1.0,,1.0,1.0,,4.0,5.0,1.0,2.0,5.0,1.0,3.0,home marker,italian,1.0,1.0,scalloped potatoes and ham,1.0,5.0,2.0,5.0,1.0,"lean protein, veggies, fruit, complex carbs",more healthy varienty,2.0,5.0,5.0,5.0,1.0,2.0,"chicken parm, fish, pasta dishes",4.0,court reporter,5.0,1.0,1.0,3.0,5.0,2.0,1.0,1.0,5.0,940.0,500.0,running,5.0,1.0,900.0,110.0
3.4,2.0,1.0,430.0,3.0,420.0,2.0,,,3.0,5.0,3.0,1.0,,1.0,2.0,,2.0,5.0,1.0,3.0,4.0,3.0,3.0,shirt designer,chinese,4.0,3.0,"pizza, chicken wings, and corn on the cob",1.0,4.0,1.0,3.0,9.0,a salad with a reasonable amount of dressing and a meat,my ideal diet would be the proper portions of all food categories. i would also like to eat proteins around my workouts and avoid all deserts,1.0,5.0,3.0,4.0,9.0,2.0,"cereal, pizza, toast",4.0,child care provider,2.0,1.0,2.0,2.0,3.0,5.0,2.0,1.0,3.0,940.0,500.0,soccer and basketball,3.0,2.0,575.0,264.0
3.6,1.0,1.0,610.0,3.0,420.0,2.0,,,1.0,2.0,1.0,1.0,,2.0,2.0,,1.0,3.0,4.0,2.0,5.0,2.0,2.0,business owner,italian,1.0,1.0,"steak, lasagna, crab",1.0,5.0,3.0,4.0,8.0,lots of vegetabls with some grains like rice. also has lean meat such as fish or chicken,organic/healthy. fruits and vegetables but still protein to give sustainance,2.0,5.0,3.0,5.0,10.0,2.0,"pasta, chicken, steak",4.0,business owner,2.0,2.0,2.0,3.0,3.0,3.0,1.0,1.0,5.0,1165.0,850.0,intramural volleyball,5.0,2.0,1315.0,123.0
3.1,2.0,1.0,610.0,3.0,420.0,2.0,,,2.0,3.0,2.0,1.0,,1.0,2.0,,3.0,4.0,2.0,3.0,4.0,2.0,4.0,commidity trader,chinese,4.0,3.0,pizza,1.0,5.0,3.0,4.0,2.0,green and not greasy,"eat a little less than i usually do, and intaking more protein",1.0,5.0,2.0,3.0,1.0,1.0,"pizza, chicken and rice, roast beef",4.0,charity worker,2.0,2.0,2.0,3.0,1.0,3.0,1.0,1.0,4.0,940.0,500.0,hockey,5.0,1.0,900.0,185.0
4.0,1.0,1.0,265.0,3.0,420.0,1.0,,,1.0,3.0,1.0,1.0,,1.0,1.0,,2.0,5.0,1.0,2.0,2.0,2.0,1.0,construction,jamaican,7.0,1.0,"curry, stew chicken and saltfish",1.0,5.0,1.0,2.0,7.0,"not too much carbs, a lot of protein, healthy fats and fruits and vegs",vegetables and fruits with meat,2.0,1.0,5.0,3.0,9.0,2.0,"curry goat, saltfish, jerk chicken",2.0,police,4.0,1.0,2.0,2.0,2.0,3.0,1.0,2.0,1.0,580.0,345.0,no response,5.0,1.0,760.0,145.0
3.6,2.0,1.0,430.0,3.0,980.0,2.0,,,2.0,3.0,2.0,1.0,,3.0,2.0,,1.0,2.0,2.0,3.0,4.0,1.0,2.0,self employed construction,american or italian,5.0,3.0,"chicken fingers, steak, mac and cheese",1.0,3.0,1.0,3.0,8.0,"for me usually a big piece of chicken or steak with a side of veggies, and i usually have rice with mine as well","i like how my diet it now. however, after my season i am going to cut back on some carbs because i won't be working out as much",1.0,6.0,3.0,5.0,7.0,2.0,grilled chicken or steak with veggies and rice. or some type of pasta and chicken,2.0,stay at home mom,4.0,1.0,1.0,6.0,2.0,2.0,1.0,1.0,3.0,940.0,500.0,hockey,4.0,2.0,900.0,170.0
3.4,1.0,1.0,720.0,3.0,980.0,1.0,,,3.0,3.0,3.0,1.0,,1.0,1.0,,4.0,6.0,3.0,2.0,1.0,3.0,5.0,engineer,chicken,5.0,3.0,chicken,1.0,5.0,2.0,3.0,6.0,everything from food group,lots of fruit and veggies. lots of chicken,2.0,5.0,1.0,5.0,9.0,2.0,"spaghetti, chicken, steak",3.0,daycare provider,2.0,1.0,1.0,2.0,1.0,3.0,2.0,2.0,1.0,1165.0,690.0,dancing,5.0,1.0,1315.0,135.0
2.2,2.0,1.0,430.0,2.0,420.0,2.0,,,2.0,4.0,2.0,1.0,,2.0,2.0,,3.0,4.0,2.0,3.0,3.0,2.0,5.0,architect,italian,1.0,1.0,manacotti,1.0,2.0,1.0,3.0,4.0,"lots of fruits and vegitibles, not any fried foods",something that tastes good and also is good for you. this is very hard to find though,3.0,5.0,2.0,5.0,7.0,1.0,"chicken, manicotti, rice",4.0,physical therapist,1.0,1.0,1.0,3.0,3.0,4.0,1.0,1.0,3.0,940.0,345.0,basketball,2.0,2.0,900.0,165.0
3.3,2.0,1.0,610.0,3.0,980.0,2.0,,,7.0,5.0,7.0,1.0,,2.0,2.0,,1.0,3.0,4.0,2.0,4.0,1.0,5.0,cfo,mexican,2.0,3.0,"pizza, chicken fingers",1.0,2.0,2.0,2.0,5.0,"rice, meat, vegetable",3 smaller meals a day,1.0,6.0,1.0,4.0,2.0,1.0,"chicken, pasta, veal",4.0,teacher,2.0,1.0,1.0,2.0,1.0,6.0,1.0,1.0,1.0,1165.0,850.0,soccer,3.0,2.0,1315.0,175.0
3.87,2.0,1.0,610.0,3.0,315.0,1.0,,,2.0,3.0,2.0,3.0,,2.0,,,1.0,8.0,1.0,2.0,3.0,1.0,4.0,european logistics director,indian,8.0,2.0,pasta,1.0,3.0,4.0,5.0,8.0,green and colourful,"mix of mexican, asian, and italian foods",7.0,6.0,5.0,5.0,7.0,2.0,"meat, wine, chocolate pudding",2.0,house wife,4.0,1.0,3.0,5.0,5.0,2.0,2.0,1.0,5.0,725.0,500.0,tennis,2.0,2.0,900.0,195.0
3.7,2.0,1.0,610.0,3.0,420.0,1.0,,,3.0,5.0,3.0,2.0,,1.0,1.0,,1.0,3.0,1.0,2.0,3.0,1.0,4.0,accountant,italian,1.0,1.0,pasta,2.0,4.0,1.0,4.0,2.0,"pasta. veg, water","fruit, veg and protien",2.0,6.0,5.0,5.0,5.0,1.0,"pasta, pizza",4.0,underwiriter,3.0,1.0,3.0,5.0,2.0,2.0,1.0,1.0,4.0,940.0,850.0,tennis soccer gym,3.0,1.0,1315.0,185.0
3.7,2.0,2.0,610.0,3.0,420.0,2.0,,,1.0,4.0,1.0,1.0,,1.0,1.0,,1.0,7.0,2.0,2.0,5.0,3.0,4.0,commercial real estate,asian,4.0,1.0,chicken nuggets,1.0,3.0,3.0,2.0,4.0,"protein, vegetables, grains",3 healthy meals a day. no caffiene,1.0,4.0,4.0,5.0,5.0,1.0,"pizza, pasta, poutine",2.0,beautician,2.0,1.0,2.0,3.0,2.0,3.0,1.0,1.0,4.0,940.0,690.0,gaelic football,4.0,1.0,1315.0,185.0
3.9,1.0,1.0,720.0,2.0,420.0,2.0,,,6.0,1.0,6.0,1.0,,1.0,2.0,,1.0,2.0,4.0,3.0,4.0,1.0,3.0,manager at pepsi,chinese,4.0,1.0,spaghetti,1.0,4.0,3.0,5.0,5.0,a healthy meal is a lean meat with mostly vegetables and a starch like brown rice or quinoa,i would like to be a person to eat a larger vegetable based diet with little to no processed products in my diet especially sugar and salt,2.0,4.0,3.0,5.0,2.0,2.0,"pasta, chicken and rice, and soup",2.0,unemployed,2.0,1.0,1.0,3.0,3.0,4.0,2.0,2.0,4.0,940.0,500.0,none,4.0,2.0,1315.0,105.0
2.8,1.0,2.0,720.0,3.0,420.0,2.0,,,2.0,3.0,2.0,1.0,,1.0,1.0,,3.0,4.0,2.0,3.0,2.0,1.0,4.0,vp of,don't have one,0.0,3.0,"chicken parm, beef stroganof, tacos",1.0,4.0,1.0,3.0,8.0,"good portions, lots of color, targets main food groups","healthy, colorful, tasty, room for desserts",2.0,6.0,3.0,3.0,5.0,1.0,pasta,,unknown,,,,,,,,,,,,unknown,,,,
,3.0,,4.0,1.0,1.0,3.0,3.0,3.0,1.0,1.0,3.0,1165.0,690.0,,3.0,2.0,760.0,125.0,,,,,,unknown,unknown,,,unknown,,,,,,unknown,unknown,,,,,,,unknown,,unknown,,,,,,,,,,,,unknown,,,,
3.7,2.0,1.0,610.0,2.0,420.0,1.0,,,2.0,3.0,2.0,1.0,,1.0,1.0,,1.0,3.0,2.0,2.0,2.0,1.0,4.0,beverage and food sales,italian food,1.0,1.0,"chicken parm, pizza",1.0,3.0,2.0,1.0,9.0,"a rice, a vegetable, a piece of meat","very healthy diet, and to cook at home with organic foods",5.0,5.0,1.0,5.0,9.0,2.0,chicken parm,2.0,doctors billing assiant,2.0,1.0,1.0,4.0,1.0,2.0,2.0,1.0,2.0,1165.0,850.0,hockey,3.0,2.0,1315.0,160.0
3.0,2.0,1.0,610.0,4.0,980.0,2.0,,,2.0,4.0,2.0,1.0,,1.0,2.0,,2.0,5.0,2.0,3.0,3.0,1.0,5.0,dentist,mexican,2.0,1.0,steak,1.0,5.0,1.0,3.0,9.0,"salad, vegetable, carb, protein",my current diet,6.0,6.0,3.0,4.0,9.0,2.0,"steak, lobster, chicken",5.0,dentist,4.0,1.0,1.0,6.0,2.0,2.0,1.0,1.0,3.0,1165.0,500.0,lacrosse,5.0,1.0,1315.0,175.0
3.2,2.0,1.0,610.0,2.0,420.0,2.0,,,2.0,2.0,2.0,2.0,,2.0,1.0,,1.0,3.0,2.0,2.0,2.0,2.0,4.0,electrical engineer,italian/german,1.0,1.0,"deer steak, buttered pasta, garlic pasta",1.0,3.0,3.0,1.0,4.0,"protein, vegetable and grains",steak and burgers,7.0,5.0,1.0,5.0,3.0,1.0,"garlic noodles and steak, parmesan chicken and pasta, tacos and pasta",4.0,air traffic controller,5.0,1.0,1.0,3.0,2.0,3.0,1.0,2.0,1.0,940.0,500.0,no response,2.0,1.0,1315.0,180.0
3.5,2.0,1.0,265.0,2.0,420.0,2.0,,,2.0,3.0,2.0,1.0,,2.0,2.0,,1.0,3.0,5.0,3.0,5.0,2.0,5.0,radio telecommunications manager,indian food - samosas are amazing,8.0,1.0,"crab legs, mushroom soup, homemade rolls",1.0,5.0,3.0,3.0,9.0,"grilled chicken, mac and cheese, broccoli, apple, milk","heavy in protein, fruits, and vegetables",7.0,5.0,5.0,5.0,10.0,1.0,"tomato soup, steak, crab",5.0,strategic planning and programs manager,2.0,1.0,1.0,4.0,5.0,2.0,1.0,2.0,5.0,580.0,500.0,no response,4.0,1.0,760.0,167.0
4.0,1.0,1.0,720.0,3.0,420.0,2.0,,,1.0,3.0,1.0,1.0,,1.0,1.0,,1.0,7.0,3.0,2.0,4.0,2.0,2.0,no response,mexican,2.0,2.0,"french fries, waffles, chocolate",1.0,3.0,4.0,2.0,7.0,"whole grain carbs, vegetables, a small amount of protein",i would eat enough fruits and vegetables everyday. i would have home cooked food at least 5 days a week. i wouldnt like sugar so much,2.0,5.0,3.0,4.0,8.0,2.0,"pasta, chicken with potatoes, pizza",5.0,teacher,4.0,3.0,3.0,3.0,2.0,3.0,2.0,1.0,3.0,940.0,500.0,snowboarding,5.0,1.0,1315.0,115.0
4.0,2.0,1.0,610.0,3.0,420.0,2.0,,,1.0,2.0,1.0,1.0,,2.0,2.0,,3.0,4.0,2.0,3.0,5.0,2.0,4.0,deceased,italian,1.0,1.0,chicken and biscuits,1.0,5.0,2.0,5.0,5.0,"4-6 ounces chicken or fish, side of potatoes, and green beans","diet of 1500-2000 calories of white meat, vegetables, and fruit that are all fresh and not processed",1.0,4.0,4.0,5.0,3.0,1.0,"chicken, steak, pasta",2.0,management,4.0,4.0,1.0,3.0,3.0,4.0,2.0,2.0,4.0,940.0,690.0,none organized,5.0,1.0,1315.0,205.0
3.4,2.0,1.0,610.0,3.0,315.0,2.0,,,4.0,5.0,4.0,1.0,,2.0,2.0,,1.0,3.0,3.0,2.0,5.0,1.0,5.0,lawyer,spanish,2.0,1.0,"spaghetti, chicken, won tons",1.0,4.0,4.0,5.0,5.0,plenty of greens and lean proteins,"plenty of protein, carbs from vegetables and fruits, and healthy fats",7.0,5.0,5.0,5.0,8.0,1.0,"pasta,sushi,steak",5.0,lawyer,4.0,1.0,3.0,4.0,5.0,4.0,1.0,1.0,5.0,580.0,345.0,soccer,5.0,1.0,760.0,140.0
2.8,1.0,1.0,720.0,3.0,420.0,1.0,,,2.0,4.0,2.0,2.0,,2.0,1.0,,1.0,3.0,2.0,3.0,4.0,3.0,4.0,landscaping,italian,1.0,1.0,"chicken nuggets, mac and cheese, and pasta",1.0,3.0,1.0,5.0,7.0,a balance of vegetables and cooked lean meat,my ideal diet would be more fruits and vegetables. also less desserts,2.0,3.0,2.0,5.0,3.0,1.0,"chicken parmesan, pasta,",3.0,unemployed,4.0,1.0,1.0,3.0,2.0,3.0,1.0,2.0,1.0,1165.0,500.0,no response,3.0,1.0,900.0,128.0
3.65,1.0,1.0,610.0,3.0,420.0,2.0,,,2.0,4.0,2.0,1.0,,2.0,1.0,,1.0,3.0,3.0,3.0,2.0,1.0,4.0,vice president of a company,french,1.0,3.0,"hamburgers, chicken nuggets",1.0,5.0,1.0,3.0,1.0,a lot of greens,healthy and protien,7.0,6.0,1.0,5.0,3.0,1.0,"pasta, lasagna, chicken",4.0,stylist,4.0,1.0,5.0,4.0,1.0,2.0,1.0,1.0,3.0,940.0,345.0,softball,4.0,1.0,1315.0,150.0
3.0,1.0,1.0,610.0,2.0,420.0,2.0,,,2.0,1.0,2.0,1.0,,3.0,1.0,,1.0,3.0,2.0,3.0,2.0,1.0,4.0,owns his own promotional company,american or italian,5.0,1.0,"chicken, pasta, stir fry",1.0,5.0,3.0,3.0,2.0,"some kind of protein, a vegetable, and a grain",pretty much what i eat now,6.0,4.0,1.0,5.0,3.0,2.0,"some kind of pasta, a chicken dish, some kind of salad",4.0,works in retail,2.0,2.0,1.0,3.0,2.0,2.0,1.0,1.0,2.0,940.0,690.0,lacrosse,5.0,2.0,760.0,150.0
3.7,1.0,1.0,610.0,3.0,420.0,2.0,,,2.0,3.0,2.0,1.0,,2.0,2.0,,1.0,8.0,4.0,2.0,4.0,1.0,5.0,optometrist,italian or chinese,1.0,3.0,"pizza, pasta, grilled cheese",1.0,5.0,2.0,3.0,7.0,"a meal with a meat, vegetable, grain, and fruit",i wish i had the time and energy to cook more at home on my own,5.0,6.0,2.0,5.0,7.0,1.0,"spaghetti or pasta, shrimp fried rice, chicken",2.0,homemaker,3.0,1.0,2.0,3.0,1.0,4.0,2.0,1.0,2.0,1165.0,500.0,softball,5.0,2.0,900.0,150.0
3.4,1.0,1.0,720.0,4.0,420.0,2.0,,,1.0,2.0,1.0,6.0,,2.0,2.0,,1.0,3.0,2.0,2.0,4.0,3.0,2.0,construction,italian,1.0,1.0,pasta,1.0,3.0,4.0,5.0,4.0,"a protein, starch, veg, and a healthier dessert",i would like to get all of the food groups in each day,2.0,6.0,3.0,5.0,2.0,2.0,"pasta, pizza, chicken",3.0,head of human resouces,4.0,1.0,1.0,4.0,3.0,4.0,1.0,1.0,5.0,940.0,500.0,dancing,4.0,2.0,1315.0,170.0
3.89,1.0,1.0,610.0,3.0,980.0,2.0,,,2.0,3.0,2.0,1.0,,1.0,1.0,,1.0,2.0,2.0,3.0,4.0,2.0,4.0,biohemical waste elimination,italian,1.0,1.0,chicken parmesan,1.0,4.0,4.0,3.0,6.0,a lean protein plus the addition of 2-3 fruits and vegetables,my ideal diet would be eating multiple fruits and vegetables at each meal. also i would only eat lean protein if possible,2.0,5.0,3.0,5.0,8.0,2.0,"chicken parmesan, orange chicken, tacos",4.0,accountant,4.0,1.0,1.0,3.0,3.0,4.0,1.0,1.0,2.0,1165.0,690.0,lacrosse,3.0,2.0,1315.0,150.0
3.0,2.0,1.0,720.0,1.0,980.0,2.0,,,9.0,5.0,9.0,1.0,,2.0,2.0,,1.0,2.0,5.0,3.0,3.0,1.0,5.0,corporate manager,mexican,2.0,1.0,chicken and steak,1.0,5.0,4.0,1.0,3.0,chicken breast with veggies,"red and white meats, potatoes, green beans",2.0,6.0,3.0,4.0,5.0,2.0,"steak and potatoes, burgers and fries, bacon and eggs",2.0,marketing analyst,1.0,2.0,3.0,3.0,1.0,1.0,1.0,1.0,3.0,1165.0,690.0,hockey,3.0,2.0,1315.0,175.0
3.4,2.0,1.0,430.0,3.0,315.0,1.0,,,3.0,3.0,3.0,1.0,,3.0,2.0,,1.0,9.0,2.0,3.0,4.0,1.0,4.0,small business owner,italian,1.0,1.0,"pizza, ice cream. pop tarts",1.0,3.0,1.0,5.0,10.0,a meal with all of the food groups,idealy i would have basically the same breakfast as i do now just with more fruits. for lunch i would have more vegetables and fruits. for dinner i would have the same,2.0,6.0,3.0,5.0,8.0,1.0,"pizza, japanize hibachi, moes",4.0,middle school teacher,3.0,1.0,1.0,3.0,3.0,2.0,1.0,1.0,3.0,940.0,500.0,wrestling,4.0,2.0,760.0,140.0
2.9,1.0,1.0,720.0,4.0,980.0,2.0,,,5.0,2.0,5.0,1.0,,4.0,1.0,,1.0,3.0,4.0,2.0,4.0,1.0,2.0,welder,italian,1.0,1.0,mac cheese,1.0,5.0,2.0,5.0,6.0,a salad with chicken and 2 tablespoons of salad dressing,i to eat enough food to sustain me throughout the entire day,3.0,3.0,3.0,5.0,4.0,1.0,"chicken, pasta, salad",3.0,art teacher,4.0,1.0,1.0,3.0,2.0,6.0,1.0,2.0,4.0,940.0,690.0,no response,5.0,1.0,1315.0,120.0
3.6,1.0,1.0,610.0,3.0,420.0,2.0,,,2.0,4.0,2.0,1.0,,2.0,2.0,,1.0,3.0,2.0,2.0,3.0,1.0,4.0,design engineer,italian,1.0,1.0,"french toast, grilled cheese, orange chicken",1.0,5.0,2.0,5.0,6.0,"grilled chicken, side salad, rice and broccoli and cranberries",same as above but with a more concrete lunch. cut down on excessive snacking,1.0,6.0,4.0,5.0,7.0,1.0,"pancakes, pasta, grilled cheese and soup",4.0,account clerical,1.0,1.0,2.0,3.0,2.0,3.0,1.0,2.0,4.0,940.0,500.0,no response,4.0,2.0,900.0,135.0
3.5,1.0,1.0,430.0,2.0,980.0,1.0,,,3.0,3.0,3.0,1.0,,2.0,1.0,,2.0,5.0,1.0,4.0,5.0,1.0,2.0,unknown,chinese,4.0,3.0,"pickles, chinese food, pizza",1.0,4.0,3.0,5.0,6.0,it is probably more on the green side and there is less fryed or overly seasoned food. there would be more organic foods rather than processed foods,"my ideal diet involves organic foods, more nuts, fruits, veggies and water and a complete absence of processed foods, genetically enhanced foods or fast foods. my ideal diet would be one that involves foods that are grown by me or close to me and one that is essentially best for my health",2.0,3.0,5.0,5.0,8.0,2.0,"pasta, soup, steak",2.0,caretaker,3.0,,1.0,2.0,5.0,,2.0,2.0,5.0,940.0,345.0,no particular engagement,4.0,1.0,900.0,100.0
3.2,1.0,1.0,610.0,4.0,420.0,2.0,,,1.0,1.0,1.0,1.0,,1.0,1.0,,2.0,4.0,2.0,2.0,5.0,1.0,4.0,electrical engineer,thai food,4.0,1.0,"mac and cheese, hot dogs, grilled cheese",1.0,5.0,4.0,5.0,8.0,mostly green!,"my ideal diet would be to be a vegetarian; however, considering my highly active lifestyle island strength requirement i need as much ""real"" protein i can get",7.0,5.0,5.0,5.0,10.0,1.0,"steak, asparagus and potatoes, homemade chicken alfredo, mexican cuisine",2.0,secretary,4.0,2.0,1.0,6.0,5.0,3.0,1.0,1.0,5.0,725.0,500.0,volleyball,5.0,1.0,760.0,170.0
3.605,1.0,1.0,610.0,3.0,315.0,2.0,,,4.0,3.0,4.0,1.0,,1.0,1.0,,2.0,5.0,2.0,2.0,5.0,1.0,4.0,banker,greek,1.0,1.0,"hamloaf, tuna fish salad, mac and cheese",1.0,5.0,2.0,5.0,3.0,colorful,"the same as my current diet, maybe less carbs",6.0,6.0,5.0,5.0,3.0,2.0,"tacos, spaghetti, grilled cheese",4.0,registered nurse,2.0,1.0,2.0,4.0,5.0,1.0,1.0,2.0,5.0,940.0,500.0,none,5.0,2.0,900.0,113.0
3.8,2.0,1.0,430.0,2.0,420.0,1.0,,,3.0,3.0,3.0,1.0,,2.0,2.0,,1.0,2.0,2.0,2.0,4.0,2.0,3.0,subcontractor,italian,1.0,1.0,"chicken soup,  perogies, & roast beef",1.0,4.0,1.0,4.0,4.0,a meal that you have cooked yourself without a lot of grease or fat in it,more of a home cooked meal that is not very greasy. also includes more fruits and vegetables,5.0,4.0,3.0,5.0,4.0,1.0,"spaghetti, steak, burgers",4.0,telemarketer,3.0,1.0,2.0,3.0,3.0,3.0,1.0,1.0,3.0,725.0,345.0,soccer,4.0,2.0,900.0,168.0
2.8,2.0,1.0,430.0,1.0,980.0,2.0,,,2.0,4.0,2.0,1.0,,2.0,1.0,,1.0,3.0,2.0,4.0,3.0,1.0,5.0,small business owner,italian,1.0,3.0,"lasagna, meatloaf, pizza",1.0,5.0,1.0,3.0,8.0,"good balance between meats, grains, fruits, vegetables, carbs, and dairy products",to cut out the junk food and eat more meat and less pasta. also eat more fruits and vegetables,7.0,6.0,2.0,4.0,9.0,1.0,"lasagna,  hamburgers w/ corn, steak",5.0,nurse,2.0,1.0,1.0,3.0,4.0,2.0,1.0,1.0,1.0,940.0,345.0,wrestling & rowing,5.0,2.0,900.0,145.0
3.5,2.0,2.0,430.0,1.0,315.0,1.0,,,1.0,4.0,1.0,1.0,,2.0,2.0,,1.0,3.0,2.0,3.0,4.0,1.0,4.0,house appraiser,asian,4.0,1.0,"tacos, spaghetti, and roast",1.0,5.0,2.0,4.0,2.0,one that is well balanced and consists on main food groups,one that consists of a lot of mean and also fruits and vegetables. drink a lot of water as well,7.0,5.0,4.0,5.0,3.0,1.0,"steak, chicken, tacos",4.0,banker,3.0,1.0,1.0,3.0,4.0,1.0,2.0,1.0,4.0,940.0,345.0,wrestling,5.0,1.0,760.0,155.0
3.83,2.0,1.0,430.0,3.0,315.0,2.0,,,5.0,3.0,5.0,2.0,,2.0,1.0,,1.0,3.0,2.0,4.0,3.0,2.0,2.0,not sure,italian,1.0,1.0,"mac and cheease, mashed potatoes, salmon",1.0,3.0,3.0,4.0,9.0,lots of green and color,i would eat more veggies with a equal balance of carbs and protein. more international flavors would be great,2.0,3.0,4.0,5.0,9.0,2.0,"pizza, pasta, burgers",4.0,office assistant,2.0,1.0,2.0,6.0,,1.0,2.0,2.0,4.0,1165.0,690.0,none,3.0,2.0,900.0,150.0
3.6,2.0,1.0,720.0,3.0,420.0,2.0,,,1.0,5.0,1.0,1.0,,1.0,1.0,,2.0,5.0,2.0,3.0,2.0,1.0,3.0,fireman,american,5.0,2.0,pizza,1.0,4.0,3.0,1.0,8.0,"balance of veggies, white meat, fruits, and grains","no artificial sugars, only natural foods",4.0,1.0,1.0,3.0,8.0,1.0,"pizza, salad",2.0,secretary,5.0,3.0,1.0,3.0,1.0,3.0,1.0,2.0,1.0,1165.0,500.0,no response,5.0,2.0,760.0,169.0
3.3,2.0,1.0,610.0,4.0,980.0,1.0,,,5.0,3.0,5.0,1.0,,4.0,1.0,,1.0,3.0,3.0,3.0,5.0,1.0,2.0,president of automotive company,all,0.0,1.0,steak,1.0,5.0,2.0,5.0,8.0,chicken,organic,5.0,6.0,5.0,5.0,8.0,1.0,"steak, chicken, pasta",2.0,stay home,5.0,1.0,1.0,3.0,5.0,2.0,1.0,1.0,5.0,1165.0,500.0,hockey,4.0,1.0,1315.0,185.0
3.3,2.0,1.0,610.0,4.0,420.0,2.0,,,2.0,1.0,2.0,1.0,,3.0,1.0,,1.0,3.0,5.0,4.0,4.0,1.0,3.0,ups driver,mexican,2.0,1.0,"grilled chicken, pasta, and turkey",1.0,5.0,2.0,5.0,1.0,low carbs and high protein,one that maintains my goal weight. but also produces enough daily energy,3.0,5.0,3.0,5.0,5.0,1.0,chicken parm,2.0,unemployed,5.0,1.0,1.0,3.0,3.0,2.0,2.0,1.0,3.0,1165.0,500.0,lacrosse,5.0,2.0,900.0,200.0
3.5,2.0,1.0,610.0,3.0,420.0,2.0,,,1.0,1.0,1.0,2.0,,1.0,1.0,,2.0,5.0,3.0,3.0,5.0,1.0,4.0,sergeant correctional officer,italian,1.0,1.0,chicken alfredo,2.0,5.0,2.0,5.0,10.0,high protein and vegetables,clean diet. high protein intake,7.0,6.0,4.0,5.0,10.0,1.0,"chicken, steak, pasta",5.0,teacher,4.0,1.0,1.0,6.0,2.0,2.0,1.0,1.0,4.0,940.0,690.0,hockey,5.0,1.0,900.0,165.0
3.35,1.0,2.0,610.0,2.0,315.0,2.0,,,2.0,3.0,2.0,1.0,,2.0,2.0,,4.0,10.0,5.0,3.0,3.0,1.0,1.0,union worker,italian,1.0,1.0,steak and cheesy potatoes,1.0,4.0,1.0,3.0,8.0,"the different colors of the rain bow. protein, fruit, veggies",my ideal diet is to eat less fast food in a week. also to add something healthy like salad  to every meal or to have a salad for a meal,5.0,3.0,2.0,5.0,8.0,1.0,"mac n cheese, steak, potatos",3.0,factory worker,3.0,1.0,2.0,2.0,2.0,3.0,1.0,1.0,3.0,940.0,500.0,softball,4.0,2.0,900.0,192.0
3.8,2.0,1.0,720.0,4.0,315.0,2.0,,,2.0,3.0,2.0,1.0,,1.0,1.0,,2.0,5.0,4.0,3.0,5.0,1.0,4.0,salesman,thai,4.0,1.0,meatloaf,1.0,5.0,4.0,4.0,1.0,low protein and carbs and high in vegetables and fruits,my ideal diet is to cut back on my meat intake and substitute it for other protein sources such as fish or tuna,2.0,6.0,5.0,5.0,1.0,1.0,"chicken, beef, steak",4.0,nurse,4.0,2.0,1.0,4.0,4.0,2.0,1.0,1.0,5.0,1165.0,500.0,hockey,5.0,1.0,1315.0,175.0
2.8,1.0,1.0,610.0,4.0,980.0,2.0,,,9.0,2.0,9.0,1.0,,1.0,1.0,,2.0,5.0,3.0,2.0,2.0,1.0,2.0,owns his business,wraps,5.0,3.0,pizza pasta and quesadillas,2.0,4.0,2.0,5.0,9.0,chicken and broccoli,"fruits and vegetables, wheat bread, peanut butter, protein bars, protein shakes",2.0,5.0,2.0,5.0,10.0,1.0,"chicken, pizza, stuffed shells",4.0,sales,5.0,1.0,1.0,3.0,1.0,2.0,2.0,1.0,2.0,725.0,345.0,softball,4.0,1.0,1315.0,140.0
3.5,1.0,1.0,610.0,3.0,420.0,2.0,,,1.0,1.0,1.0,2.0,,3.0,2.0,,1.0,11.0,2.0,2.0,5.0,2.0,4.0,physical therapist,mexican,2.0,1.0,steak,2.0,5.0,3.0,5.0,4.0,"fruit, vegetables, and protien",ideally my diet would be similar to what i eat now. if i wasn't on a college budget i could spend more money on nicer meat and vegetables which would make my meals a lot better,6.0,5.0,5.0,5.0,1.0,1.0,"steak, noodles, edemame",5.0,elementary school principal,2.0,2.0,1.0,4.0,4.0,3.0,1.0,1.0,5.0,1165.0,690.0,skiing,5.0,1.0,1315.0,155.0
3.7,1.0,1.0,610.0,1.0,420.0,2.0,,,2.0,2.0,2.0,1.0,,3.0,2.0,,1.0,11.0,2.0,3.0,5.0,1.0,4.0,insurance,italian,1.0,3.0,mac and cheese,1.0,5.0,4.0,5.0,7.0,proper serving sizes of almost anything,less cheese than i eat,1.0,6.0,5.0,5.0,10.0,1.0,steak and veggies. chicken and rice. stirfry,4.0,real estate agent,2.0,2.0,2.0,3.0,4.0,3.0,2.0,1.0,5.0,1165.0,500.0,skiing,4.0,2.0,1315.0,155.0
3.6,1.0,1.0,610.0,4.0,420.0,2.0,,,3.0,2.0,3.0,1.0,,1.0,2.0,,3.0,4.0,5.0,3.0,5.0,1.0,4.0,construction management,mexican,2.0,1.0,lasagna,1.0,5.0,1.0,4.0,3.0,half the plate fruit and vegetables. other half grains and protein. then a little dairy,the way i eat now i think is pretty good,6.0,6.0,1.0,5.0,5.0,1.0,"lasagna, steak, chili",4.0,x-ray tech,4.0,1.0,1.0,3.0,1.0,2.0,1.0,1.0,1.0,1165.0,690.0,water polo and running,5.0,1.0,1315.0,135.0
,1.0,1.0,610.0,2.0,980.0,2.0,,,3.0,2.0,3.0,1.0,,1.0,1.0,,2.0,5.0,2.0,2.0,4.0,2.0,2.0,dead beat,mexican,2.0,2.0,chocolate,2.0,3.0,4.0,3.0,2.0,"chicken, veggies, fruit, water","my ideal diet would be to add more fruits and veggies. also, to go to the gym more but school gets in the way",2.0,4.0,2.0,4.0,5.0,2.0,"i would say ""lets go out""",4.0,respiratory therapist,4.0,3.0,1.0,2.0,3.0,2.0,2.0,2.0,2.0,725.0,500.0,no response,3.0,1.0,1315.0,118.0
3.9,2.0,1.0,610.0,4.0,980.0,2.0,,,2.0,3.0,2.0,1.0,,1.0,1.0,,2.0,5.0,5.0,2.0,2.0,1.0,2.0,police force,italian,1.0,1.0,"pizza, pasta, chicken",1.0,4.0,4.0,3.0,2.0,"high protein, low fat, low carbs and sugar","high protein, low fat",7.0,6.0,2.0,5.0,1.0,1.0,"pasta, chicken, vegetables",2.0,legal assistant,4.0,1.0,2.0,3.0,2.0,2.0,1.0,1.0,2.0,1165.0,850.0,ice hockey,4.0,1.0,1315.0,210.0
3.5,1.0,1.0,610.0,3.0,420.0,1.0,,,2.0,1.0,2.0,1.0,,1.0,1.0,,1.0,3.0,3.0,2.0,4.0,1.0,2.0,owner of new york lunch,chinese cuisine (general tso's),4.0,3.0,"chicken stir fry, spaghetti, chicken parmesan",1.0,5.0,2.0,4.0,3.0,meal prep'd foods with food from each section on the food pyramid,"i want to eliminate all the junk food i ate. besides that, i want to keep my diet the same",5.0,2.0,3.0,5.0,1.0,2.0,1. pasta 2. spaghetti 3. chicken and rice,2.0,cna,4.0,1.0,1.0,2.0,3.0,4.0,2.0,1.0,3.0,940.0,500.0,volleyball,5.0,1.0,760.0,140.0
3.2,1.0,1.0,610.0,1.0,315.0,2.0,,,2.0,2.0,2.0,2.0,,2.0,1.0,,1.0,11.0,3.0,3.0,3.0,2.0,5.0,dentist,italian,1.0,3.0,"mac and cheese, chicken nuggets",1.0,3.0,2.0,3.0,3.0,vegtables,"no, diet",6.0,6.0,1.0,5.0,3.0,2.0,"lasagna, steak, pasta",3.0,periodontist,1.0,1.0,2.0,5.0,1.0,2.0,1.0,2.0,4.0,725.0,500.0,no response,3.0,2.0,900.0,112.0
3.0,1.0,1.0,720.0,3.0,420.0,1.0,,,3.0,2.0,3.0,1.0,,1.0,2.0,,1.0,3.0,2.0,3.0,3.0,1.0,2.0,mechanic,american,5.0,1.0,mac and cheese,1.0,5.0,1.0,4.0,3.0,"milk for a drink, meat, a grain, vegetable, fruit for dinner",my ideal diet is my mom's home cooking. it's always healthy and organic,5.0,4.0,3.0,5.0,3.0,2.0,"mac and cheese, pizza, chicken",4.0,business,4.0,1.0,1.0,3.0,3.0,2.0,1.0,1.0,3.0,940.0,500.0,tennis,5.0,1.0,900.0,125.0
3.6,1.0,1.0,610.0,2.0,420.0,1.0,,,2.0,4.0,2.0,1.0,,2.0,2.0,,1.0,3.0,3.0,2.0,5.0,2.0,2.0,truck driver,italian,1.0,1.0,"mac&cheese, chicken nuggets",1.0,5.0,2.0,2.0,2.0,"it has protein, vegetables and some carbs",i would like to get more protein in me. i would also like to eat healthier more consistently rather than here and there,7.0,5.0,2.0,4.0,2.0,2.0,"lasagna, pizza, pasta",3.0,project manager,2.0,1.0,2.0,4.0,1.0,2.0,1.0,1.0,2.0,940.0,690.0,"recreational basketball, equestrian team",5.0,2.0,1315.0,144.0
3.2,1.0,1.0,430.0,3.0,315.0,1.0,,,1.0,3.0,1.0,1.0,,1.0,2.0,,1.0,3.0,1.0,3.0,4.0,1.0,5.0,dentist,italian,1.0,1.0,"pasta, pizza, meatballs",1.0,5.0,1.0,3.0,8.0,"balanced between protein, veggies, and carbs",my ideal diet is a diet that makes me feel good but also allows me to eat junk food once in a while,3.0,6.0,2.0,5.0,8.0,2.0,"pasta, chicken parm, tacos",5.0,school teacher,3.0,1.0,1.0,4.0,2.0,3.0,1.0,1.0,4.0,725.0,500.0,soccer,5.0,2.0,760.0,145.0
3.67,1.0,2.0,720.0,4.0,420.0,2.0,,,2.0,2.0,2.0,1.0,,2.0,2.0,,1.0,3.0,2.0,3.0,2.0,2.0,4.0,sales manager,italian,1.0,1.0,"steak, garlic and butter noodles, schnitzle",1.0,3.0,3.0,1.0,3.0,"well portioned meat, veggies, and fruits. water instead of a sugary drink like pop",my ideal diet would be cutting out red meats and sticking to leaner meats like turkey or chicken. also keeping refined carbs out of my diet would be ideal,4.0,6.0,1.0,5.0,3.0,2.0,"steak, pasta, burgers",4.0,homemaker,4.0,2.0,1.0,3.0,1.0,3.0,2.0,2.0,5.0,1165.0,690.0,no response,5.0,1.0,1315.0,130.0
3.73,1.0,1.0,610.0,3.0,980.0,2.0,,,2.0,3.0,2.0,1.0,,1.0,1.0,,1.0,8.0,1.0,2.0,5.0,2.0,4.0,retired - bus driver,italian,1.0,1.0,pizza and spaghetti,2.0,5.0,3.0,5.0,3.0,"a vegetable, a protein, and a fruit",healthy and light,1.0,3.0,5.0,5.0,2.0,2.0,"pizza, italian, anything chicken related",2.0,stay-at-home mom,2.0,1.0,1.0,3.0,5.0,3.0,1.0,1.0,5.0,1165.0,500.0,rec volleyball,5.0,1.0,1315.0,140.0
4.0,1.0,1.0,720.0,1.0,420.0,2.0,,,2.0,2.0,2.0,1.0,,1.0,1.0,,1.0,11.0,1.0,2.0,5.0,1.0,2.0,transportation,italian,1.0,1.0,spaghetti,2.0,5.0,3.0,3.0,5.0,"a balanced meal with a protein, carbohydrate and a vegetable","i would like to eat less carbohydrates, such as pasta and breads. i wish i knew how to incorporate healthier alternatives to the foods i eat",3.0,5.0,4.0,5.0,2.0,2.0,"spaghetti, steak, or chicken",4.0,social services,4.0,1.0,1.0,6.0,3.0,4.0,1.0,1.0,4.0,1165.0,690.0,softball,5.0,1.0,1315.0,140.0
3.1,2.0,2.0,610.0,3.0,980.0,2.0,,,2.0,3.0,2.0,1.0,,2.0,2.0,,1.0,3.0,1.0,2.0,4.0,2.0,3.0,police officer,lean,0.0,2.0,pizza mac n cheese pasta,1.0,5.0,1.0,2.0,3.0,salad,i would like to consume a lot more meat and protein. i want to consume more fruit,7.0,5.0,3.0,5.0,2.0,1.0,"pasta, steak, chicken",4.0,runs a daycare,2.0,1.0,1.0,2.0,2.0,3.0,1.0,2.0,3.0,1165.0,345.0,no response,5.0,1.0,1315.0,140.0
,2.0,1.0,720.0,4.0,420.0,2.0,,,2.0,1.0,2.0,1.0,,2.0,2.0,,2.0,12.0,4.0,3.0,3.0,1.0,4.0,risk manager,mexican,2.0,1.0,pizza,1.0,3.0,2.0,3.0,1.0,"protein source, vegetables, fruits, whole grains",a balanced diet with each food group. getting enough protein and carbohydrates,3.0,6.0,1.0,5.0,2.0,2.0,"chipotle, chick fil a, chicken and rice",2.0,customer service,5.0,3.0,1.0,3.0,1.0,3.0,1.0,1.0,2.0,1165.0,850.0,baseball,4.0,1.0,1315.0,200.0
3.0,1.0,1.0,610.0,3.0,420.0,2.0,,,3.0,3.0,3.0,1.0,,1.0,1.0,,1.0,3.0,2.0,2.0,5.0,1.0,4.0,car salesman,italian,1.0,1.0,"salad, chicken, pizza",1.0,5.0,1.0,3.0,6.0,"grilled meat, fruit, vegetable, and some grains",eating all fruits and vegetables. staying away from all the unhealthy foods,2.0,5.0,4.0,5.0,9.0,2.0,"chicken, spaghetti, hamburgers",4.0,rn,4.0,1.0,2.0,4.0,3.0,3.0,1.0,2.0,4.0,940.0,500.0,i danced in high school,4.0,1.0,900.0,120.0
3.7,1.0,2.0,610.0,3.0,420.0,1.0,,,2.0,2.0,2.0,1.0,,2.0,2.0,,1.0,3.0,2.0,2.0,2.0,2.0,2.0,dairy farmer,american,5.0,3.0,"pizza, mashed potatoes, chocolate chip cookies",1.0,4.0,4.0,2.0,4.0,a plate that has a variety of colors not just one color,"my idea diet would consist of eating more balanced diet consisting of fruits, vegetables, and meat.  i would like to not eat so much unhealthy junk food/desserts",3.0,3.0,1.0,5.0,4.0,1.0,"chicken, steak, pizza",5.0,program director,3.0,2.0,1.0,3.0,1.0,4.0,2.0,1.0,1.0,1165.0,690.0,horse back riding,2.0,2.0,1315.0,150.0
3.1,2.0,2.0,265.0,2.0,420.0,1.0,,,2.0,2.0,2.0,1.0,,2.0,2.0,,2.0,13.0,2.0,2.0,1.0,2.0,2.0,dairy farmer,american,5.0,2.0,pizza and wings,1.0,3.0,4.0,1.0,4.0,meat and potatoes,meat carbs and candy,7.0,3.0,1.0,4.0,5.0,2.0,"steak, pizza, haddock",5.0,programs coordinator,1.0,1.0,1.0,3.0,1.0,3.0,2.0,1.0,2.0,725.0,345.0,basketball,2.0,2.0,900.0,200.0
3.0,1.0,1.0,720.0,3.0,420.0,2.0,,,1.0,2.0,1.0,1.0,,3.0,1.0,,1.0,2.0,2.0,2.0,3.0,1.0,2.0,self employed,japanese,4.0,1.0,"tacos, pizza, chicken wing dip",2.0,5.0,2.0,4.0,8.0,"good portions of fruit, protein, veggies and carbs",to eat moderations of every food group each day and no processed food,3.0,5.0,3.0,4.0,8.0,2.0,"mexican chicken, hibachi chicken and rice, steak",2.0,self employed,4.0,1.0,1.0,3.0,2.0,3.0,1.0,1.0,3.0,580.0,345.0,competitive skiing,4.0,1.0,1315.0,135.0
3.9,2.0,1.0,720.0,3.0,420.0,2.0,,,2.0,5.0,2.0,1.0,,2.0,2.0,,1.0,7.0,1.0,3.0,5.0,1.0,3.0,contract negotiations,chinese,4.0,1.0,sloppy joes,1.0,5.0,1.0,5.0,1.0,all food groups,whatever makes me feel good. doesnt cost a fortune,8.0,6.0,4.0,5.0,3.0,1.0,"chicken and vegetables, roast beef, pasta",2.0,none,4.0,1.0,1.0,3.0,4.0,2.0,1.0,1.0,5.0,1165.0,850.0,"rowing, running, and cycling",4.0,2.0,1315.0,145.0
3.4,1.0,1.0,430.0,2.0,420.0,2.0,,,7.0,3.0,7.0,1.0,,2.0,2.0,,1.0,3.0,3.0,2.0,4.0,2.0,2.0,police officer,italian,1.0,3.0,"spaghetti and meatballs, steak, and burgers",1.0,3.0,1.0,3.0,4.0,"all of the food groups(carbs, veggies, fruits,etc)",more fruits and veggies.  less carbs,2.0,4.0,3.0,5.0,1.0,1.0,"salad, pasta, and ice cream",4.0,legal secretary,2.0,1.0,1.0,3.0,3.0,3.0,1.0,2.0,4.0,1165.0,500.0,no response,2.0,1.0,900.0,130.0
3.5,1.0,2.0,610.0,3.0,420.0,1.0,,,2.0,3.0,2.0,1.0,,2.0,2.0,,1.0,3.0,3.0,3.0,4.0,1.0,4.0,it,italian,1.0,1.0,"chicken fingers, pasta, pizza",1.0,4.0,4.0,4.0,2.0,all elements of food pyramid,a colorful diet,3.0,4.0,4.0,5.0,2.0,2.0,"steak, mashed potatoes, vegetables",4.0,secretary,2.0,1.0,3.0,5.0,4.0,4.0,2.0,1.0,4.0,725.0,500.0,softball and basketball,2.0,2.0,900.0,190.0
3.7,1.0,1.0,265.0,1.0,315.0,2.0,,,2.0,3.0,2.0,1.0,,4.0,2.0,,1.0,3.0,5.0,3.0,4.0,1.0,4.0,works for kirila fire,italian,1.0,1.0,spaghetti and tacos,1.0,3.0,3.0,3.0,8.0,lots of colors,a good breakfast. a healthy lunch and dinner,2.0,3.0,3.0,5.0,7.0,1.0,"pizza, tacos, pasta",4.0,works in loans department in first national bank,3.0,1.0,2.0,3.0,3.0,3.0,1.0,1.0,3.0,580.0,345.0,wrestling,3.0,2.0,575.0,170.0
3.7,1.0,1.0,430.0,3.0,420.0,2.0,,,2.0,2.0,2.0,1.0,,2.0,1.0,,1.0,2.0,2.0,4.0,5.0,1.0,2.0,realtor,any type of colombian cuisine,2.0,1.0,spaghetti or  chicken panini sandwich,1.0,4.0,1.0,5.0,4.0,has fruits vegetables and or some type of meat,delicious but also very healthy for you. low in carbs but does not delete carbs all together,5.0,1.0,5.0,5.0,1.0,,"spaghetti con chorizo, carne asada, salmon",1.0,janitor,3.0,1.0,2.0,2.0,5.0,3.0,1.0,1.0,5.0,940.0,690.0,marching band,4.0,2.0,1315.0,127.0
3.83,1.0,1.0,720.0,3.0,420.0,2.0,,,3.0,1.0,3.0,1.0,,1.0,2.0,,2.0,5.0,2.0,3.0,5.0,1.0,4.0,solar engineering,mexican cuisine,2.0,3.0,spaghetti and pop-tarts,1.0,5.0,2.0,5.0,9.0,mostly vegetables and plenty of lean protein and healthy fats to keep you full,staying away from processed foods completely and incorporating more plant proteins opposed to meat proteins would be ideals,5.0,5.0,5.0,5.0,9.0,2.0,"stuffed chicken breasts, spagetti carbonara, breakfast for dinner",3.0,yoga instructor,5.0,1.0,1.0,3.0,4.0,2.0,1.0,1.0,5.0,725.0,690.0,collegiate water polo,5.0,1.0,760.0,167.0
2.6,1.0,1.0,265.0,3.0,315.0,2.0,,,1.0,3.0,1.0,1.0,,3.0,2.0,,1.0,2.0,3.0,2.0,3.0,3.0,5.0,lawyer,asian,4.0,3.0,"pasta, breakfast for dinner, pizza",1.0,5.0,1.0,4.0,7.0,"lots of greens, meat and water","healthy smoothies for breakfast, healthy sandwich for lunch. for dinner, something wholesome and also healthy. then a light dessert",5.0,6.0,2.0,5.0,7.0,2.0,"pasta, breakfast for dinner, pizza",3.0,nurse,3.0,1.0,2.0,3.0,3.0,3.0,1.0,2.0,3.0,580.0,500.0,none right now,4.0,1.0,760.0,140.0
3.0,1.0,1.0,610.0,3.0,420.0,2.0,,,2.0,2.0,2.0,1.0,,1.0,2.0,,2.0,5.0,1.0,3.0,4.0,2.0,2.0,service technition,chinese food,4.0,3.0,"peanut butter and jelly, celery and peanut butter, hot pockets",1.0,5.0,1.0,4.0,3.0,small portion of meat with majority fruits or vegetables,more organic food. want to try and add more seafood into my diet,5.0,6.0,4.0,5.0,1.0,1.0,"pizza, chicken and rice and pasta",4.0,sales manager at business first,5.0,1.0,1.0,3.0,3.0,4.0,1.0,1.0,4.0,580.0,500.0,"volleyball, lacrosse",4.0,1.0,900.0,190.0
3.2,2.0,1.0,720.0,3.0,420.0,1.0,,,3.0,4.0,3.0,1.0,,2.0,2.0,,1.0,3.0,2.0,2.0,3.0,1.0,4.0,engineer,mac and cheese,5.0,2.0,pizza,1.0,4.0,2.0,1.0,5.0,lots of variety and veggies,eating healthy with lots of water and natural foods,2.0,6.0,1.0,5.0,4.0,1.0,"pasta, pizza, and chicken",5.0,principal,2.0,1.0,1.0,3.0,1.0,4.0,1.0,1.0,1.0,1165.0,690.0,field hockey,4.0,1.0,1315.0,155.0
3.2,1.0,1.0,610.0,3.0,420.0,2.0,,,1.0,3.0,1.0,1.0,,2.0,1.0,,2.0,5.0,2.0,2.0,5.0,1.0,4.0,cross-guard,authentic chinese and vietnamese food,4.0,1.0,"jollof rice, bread, pasta",2.0,5.0,3.0,4.0,7.0,"healthy meal for me is a food rich in protein, fiber, some sort of carbohydrates",it would be a vegetarian diet without any red meat,2.0,3.0,5.0,5.0,1.0,1.0,"rice with vegetables, chicken with pasta, salad",2.0,a teacher,5.0,1.0,2.0,3.0,4.0,3.0,1.0,2.0,5.0,1165.0,500.0,none,5.0,1.0,900.0,129.0
3.68,2.0,1.0,720.0,4.0,420.0,2.0,,,2.0,4.0,2.0,1.0,,1.0,2.0,,2.0,5.0,2.0,3.0,3.0,1.0,2.0,project manager,italian and chinese,1.0,1.0,"chinese food, pizza, chicken adobo",1.0,5.0,1.0,4.0,7.0,"half a plate of protein, quarter of a plate of carbs and the other quarter fruits or veggies","my ideal diet would be no processed food or fried food. also, very low in excess carbs and high in protein",4.0,6.0,3.0,5.0,8.0,1.0,"any chinese food, pasta, burgers",3.0,secretary,2.0,1.0,1.0,4.0,3.0,4.0,2.0,1.0,3.0,1165.0,850.0,fotball,4.0,1.0,1315.0,260.0
3.8,1.0,2.0,610.0,2.0,420.0,2.0,,,2.0,2.0,2.0,1.0,,2.0,2.0,,1.0,3.0,3.0,2.0,2.0,2.0,5.0,teacher,american,5.0,3.0,"pasta, chicken, pizza",1.0,2.0,3.0,1.0,5.0,very colorful and smaller portions of the unhealthy food with larger portions of vegetables,ideally i would eat more fruits and vegetables in my diet along with some junk food,2.0,6.0,1.0,4.0,2.0,2.0,"pasta, chicken, pizza",5.0,teacher,3.0,2.0,3.0,3.0,1.0,3.0,1.0,2.0,1.0,725.0,500.0,crew,1.0,2.0,900.0,135.0
3.3,2.0,2.0,720.0,1.0,420.0,2.0,,,1.0,2.0,1.0,1.0,,2.0,2.0,,2.0,5.0,5.0,2.0,1.0,3.0,2.0,truck driver,barbecue,5.0,1.0,"steak, chicken tenders, pizza",1.0,1.0,3.0,1.0,8.0,chicken salad with pita chips,a balance between meats and vegetables with less sugar,3.0,3.0,1.0,5.0,1.0,2.0,"chicken, pork chops, steak",3.0,customer service representative,2.0,1.0,1.0,3.0,1.0,4.0,1.0,1.0,1.0,1165.0,690.0,"football, basketball, volleyball, golf",4.0,2.0,900.0,190.0
3.2,2.0,1.0,720.0,1.0,420.0,2.0,,,2.0,4.0,2.0,1.0,,2.0,2.0,,1.0,2.0,2.0,3.0,5.0,3.0,5.0,senior manager,italian,1.0,1.0,"spaghetti, italian potato soup",1.0,4.0,1.0,4.0,6.0,"fruits, vegetables, meat","alot of fruits and veggies. meat and bread. water, because hydration is important kids",2.0,4.0,5.0,5.0,6.0,1.0,"salmon, hamburger surprise, italian potato soup",4.0,stay at home mother,1.0,1.0,1.0,4.0,5.0,3.0,1.0,2.0,5.0,1165.0,690.0,no response,5.0,2.0,1315.0,165.0
3.75,2.0,1.0,610.0,3.0,420.0,2.0,,,5.0,2.0,5.0,1.0,,1.0,2.0,,1.0,3.0,2.0,4.0,5.0,1.0,4.0,information systems architect,lebanese or greek,1.0,1.0,"steak, spaghetti, salmon",1.0,5.0,4.0,5.0,7.0,steak or salmon with broccoli or asparagus and brown rice or quinoa,high protein with lots of vegetables and fruit,7.0,6.0,5.0,5.0,6.0,2.0,"salmon, steak, spaghetti squash",4.0,teacher,4.0,1.0,1.0,3.0,5.0,3.0,1.0,1.0,5.0,940.0,690.0,"hockey, soccer, golf",5.0,1.0,1315.0,175.0
3.5,2.0,1.0,265.0,1.0,420.0,2.0,,,2.0,3.0,2.0,1.0,,2.0,2.0,,1.0,2.0,2.0,3.0,4.0,1.0,4.0,supervisor,american,5.0,3.0,macaroni and cheese,1.0,4.0,3.0,4.0,10.0,a balance of meat and vegetables,i like the diet i have now.  i could eat 3 times a day but i feel healthy as is,6.0,5.0,3.0,5.0,10.0,2.0,"pasta, fish, steak",4.0,treasurer,3.0,1.0,1.0,3.0,3.0,2.0,2.0,1.0,4.0,1165.0,690.0,wrestling,4.0,2.0,1315.0,184.0
3.92,2.0,1.0,430.0,3.0,420.0,2.0,,,7.0,2.0,7.0,2.0,,2.0,2.0,,2.0,5.0,2.0,2.0,4.0,2.0,2.0,delivery man for fritolay,italian,1.0,3.0,pizza,1.0,3.0,1.0,3.0,2.0,modest proportions of many different food groups,"variety of fruits, vegetables, and meats in healthy proportion",2.0,6.0,3.0,5.0,8.0,1.0,"pizza, chicken, pasta",5.0,special ed teacher,2.0,1.0,2.0,3.0,3.0,6.0,1.0,2.0,3.0,725.0,500.0,soccer,2.0,1.0,900.0,210.0
3.9,1.0,1.0,720.0,3.0,420.0,2.0,,,2.0,3.0,2.0,1.0,,1.0,2.0,,2.0,5.0,2.0,2.0,3.0,1.0,5.0,no response,italian,1.0,1.0,"chicken parm, spaghetti, and grilled cheese",1.0,5.0,2.0,2.0,1.0,it combines a protein with other elements of the diet such as vegetables and other items that support the body,"i want to aim to eat foods that are healthy and nutritious. since i workout a lot, i want to eat foods that will replenish the nutrients my body needs in order to function",2.0,5.0,2.0,5.0,1.0,1.0,"chicken parm, baked ziti, shrimp alfredo",3.0,accountant,4.0,1.0,1.0,5.0,1.0,3.0,1.0,1.0,3.0,1165.0,500.0,running,5.0,2.0,760.0,155.0
3.9,2.0,1.0,720.0,3.0,315.0,1.0,,,3.0,4.0,3.0,6.0,,2.0,2.0,,2.0,5.0,5.0,3.0,5.0,2.0,4.0,business owner,italian,1.0,1.0,"chicken parmigiana, wedding soup, pasta",1.0,5.0,4.0,5.0,8.0,"well balanced with protein, fruits, vegetables, starch, etc",my ideal diet would be one that is well balanced. it would include lots of fruits and vegetables,3.0,6.0,5.0,5.0,1.0,2.0,"chicken parmigiana, pasta, wedding soup",2.0,homemaker,3.0,4.0,3.0,6.0,1.0,4.0,1.0,1.0,5.0,1165.0,690.0,tennis,4.0,1.0,1315.0,185.0
3.2,1.0,1.0,430.0,4.0,420.0,1.0,,,3.0,4.0,3.0,2.0,,2.0,1.0,,2.0,5.0,3.0,2.0,3.0,1.0,3.0,business owner,italian,1.0,1.0,"chicken, macaroni & cheese, cheesy potatoes",1.0,5.0,1.0,3.0,3.0,"lean meat, fresh fruits & veggies",ideal diet would be less sweets and carbohydrates,4.0,4.0,1.0,5.0,2.0,2.0,"chicken alfredo, chicken parmesan, spaghetti",4.0,certified accountant,2.0,1.0,1.0,3.0,1.0,3.0,1.0,1.0,1.0,1165.0,690.0,softball,5.0,1.0,900.0,165.0
3.5,1.0,1.0,610.0,3.0,420.0,2.0,,,3.0,3.0,3.0,1.0,,1.0,1.0,,1.0,3.0,2.0,2.0,5.0,2.0,2.0,beacon light,italian,1.0,1.0,"spaghetti, tuna noodle casserole, italian sausage",1.0,5.0,1.0,5.0,2.0,"water, fruits, vegetables, protein, carbs","although i don't eat junk food very often, i would love not to have those days where i eat a lot",4.0,2.0,5.0,5.0,1.0,2.0,"spaghetti, steak, lasagna",2.0,nothing,2.0,1.0,1.0,2.0,5.0,2.0,1.0,1.0,5.0,940.0,500.0,"volleyball, track",5.0,2.0,900.0,125.0
3.4,1.0,1.0,610.0,1.0,420.0,2.0,,,2.0,3.0,2.0,1.0,,2.0,2.0,,1.0,11.0,2.0,2.0,5.0,3.0,4.0,salesman,sushi,4.0,3.0,"chicken nuggets, macaroni and cheese",1.0,5.0,1.0,5.0,3.0,more vegetables and fruits as opposed to meat and bread/potatoes,"if at all possible, i would like to be able to eat a lot healthier. i would like to eat more fruits and vegetables with the hope of eventually going vegetarian",2.0,5.0,4.0,5.0,3.0,1.0,unknown,4.0,social worker,4.0,1.0,1.0,2.0,4.0,5.0,1.0,2.0,3.0,1165.0,500.0,no response,5.0,2.0,1315.0,160.0
3.7,1.0,1.0,610.0,3.0,420.0,2.0,,,8.0,2.0,5.0,1.0,,1.0,1.0,,1.0,3.0,2.0,2.0,5.0,2.0,4.0,ge salesman,indian food,8.0,1.0,tortellini and broccoli with parmesan cheese and homemade breaded chicken with sweet potato,1.0,5.0,3.0,3.0,4.0,"salmon, sweet potato, and larger portion, but equally spread of broccoli, squash, zucchini, carrots, and tomatoes","i would like my diet to fulfill all the colors of the rainbow, with mainly fruits and vegetables as the primary source of intake, and about one fourth intake of proteins, and little to no snacks per day",2.0,4.0,5.0,5.0,8.0,1.0,"spaghetti and pasta, seasoned salmon with steamed or boiled broccoli, or soup with ritz crackers if i was busy that day",4.0,respiratory therapist,4.0,1.0,2.0,3.0,3.0,6.0,1.0,2.0,3.0,725.0,345.0,"when i can, rarely though play pool, darts, and basketball",5.0,1.0,760.0,130.0
,1.0,1.0,720.0,3.0,420.0,2.0,,,2.0,4.0,2.0,1.0,,2.0,2.0,,1.0,2.0,2.0,2.0,4.0,1.0,4.0,business owner,italian,1.0,3.0,"chicken marsala, manicotti, mashed potatoes",1.0,4.0,1.0,3.0,9.0,"vegetables, white meat, and a starch like potatoes, water, and fruit for dessert","a low car, low fat diet with no red meat and lots of plant-based things. i would like to cut red meat out entirely and also cut down on processed snack foods",2.0,5.0,3.0,5.0,3.0,1.0,"pasta, burgers and fries, chicken marsala",3.0,substitute secretary,4.0,1.0,2.0,4.0,2.0,5.0,2.0,2.0,5.0,940.0,690.0,none at the moment,5.0,1.0,1315.0,230.0
3.0,1.0,1.0,720.0,3.0,420.0,2.0,,,2.0,3.0,2.0,1.0,,2.0,2.0,,1.0,10.0,3.0,4.0,4.0,2.0,4.0,ford plant employee,italian,1.0,3.0,"hot dogs, chicken fingers, mashed potatoes",1.0,3.0,4.0,5.0,2.0,"i think a healthy meals includes some kind of protein, preferably meat, vegetables, and a starch such as potatoes or rice","my ideal diet right now would be how it was when i lived at home. i ate breakfast every morning, brought a lunch to school, and had a home cooked meal by my mom that included meat, vegetables and a starch",5.0,4.0,3.0,5.0,1.0,2.0,"chicken rice and asparagus, pizza, something easy in the crockpot",3.0,insurance coordinator,2.0,2.0,1.0,5.0,4.0,3.0,2.0,1.0,3.0,1165.0,690.0,volleyball,2.0,2.0,1315.0,125.0
3.0,1.0,1.0,430.0,3.0,315.0,2.0,,,9.0,2.0,1.0,1.0,,1.0,1.0,,2.0,12.0,5.0,4.0,5.0,2.0,5.0,clinical researcher,nepali,4.0,1.0,"chicken biryani, dad's burgers, chicken curry",1.0,5.0,1.0,5.0,7.0,a healthy meal constitutes of balanced diet with fruits and veggies dominating the plate,my ideal diet would getting to eat small portioned meals in every 2-3 hours,1.0,1.0,5.0,5.0,6.0,1.0,"marinated nuts, prawn crackers, drink of their choice, mixed veggie crackersrice, chicken curry, lentil, pickle, potato kebablemon meringue pie",4.0,supervisor,4.0,1.0,1.0,3.0,4.0,4.0,1.0,2.0,4.0,580.0,500.0,no response,5.0,2.0,760.0,130.0
3.8,1.0,1.0,430.0,3.0,420.0,1.0,,,9.0,2.0,1.0,1.0,,1.0,1.0,,1.0,2.0,2.0,2.0,4.0,1.0,3.0,retired,i really love italian food and thai food,1.0,3.0,dino chicken nuggets,1.0,4.0,2.0,3.0,5.0,to me a healthy meal is balanced and,i would like to try to eat vegan,2.0,4.0,3.0,5.0,4.0,1.0,"pasta, croque madam, chicken",3.0,travel agent,2.0,1.0,1.0,3.0,2.0,4.0,1.0,2.0,5.0,1165.0,690.0,i used to play softball,4.0,2.0,900.0,165.0
3.8,1.0,1.0,430.0,2.0,420.0,2.0,,,9.0,5.0,1.0,1.0,,1.0,2.0,,1.0,2.0,2.0,3.0,2.0,1.0,4.0,sales,italian,1.0,2.0,spaghetti and chicken parm,1.0,5.0,2.0,2.0,6.0,"equal portions of carbs, proteins and fruits/veges","small portions, healthy foods",1.0,6.0,5.0,5.0,5.0,2.0,"steak, salmon, chicken parm",3.0,real estate,4.0,1.0,2.0,3.0,2.0,3.0,1.0,1.0,2.0,580.0,345.0,ice hockey,5.0,2.0,760.0,128.0
3.4,1.0,1.0,610.0,3.0,420.0,2.0,,,9.0,2.0,1.0,1.0,,2.0,2.0,,2.0,5.0,3.0,2.0,2.0,3.0,5.0,school library media specialist,italian,1.0,2.0,chicken parm,1.0,4.0,2.0,2.0,5.0,salad with chicken and vegetables with a raspberry vinaigrette,much more vegetables and lean protein,2.0,6.0,1.0,5.0,1.0,1.0,"spaghetti, grilled chicken, pizza",5.0,school library media specialist,4.0,1.0,2.0,3.0,1.0,5.0,1.0,2.0,2.0,940.0,690.0,none,3.0,1.0,1315.0,200.0
3.7,1.0,1.0,610.0,3.0,315.0,1.0,,,9.0,3.0,3.0,2.0,,2.0,1.0,,1.0,3.0,4.0,3.0,3.0,2.0,4.0,retired,italian,1.0,1.0,spaghetti,1.0,3.0,4.0,4.0,8.0,"it includes a protein, vegetable, fruit, and grain",i hope to continue to eat healthy and cook more on my own. i want to incorporate more fruits and vegetables,2.0,3.0,3.0,5.0,9.0,2.0,"grilled chicken, spaghetti, alfredo",4.0,deceased,3.0,2.0,2.0,4.0,4.0,3.0,1.0,1.0,3.0,580.0,690.0,volleyball,3.0,2.0,900.0,160.0
2.9,2.0,1.0,265.0,2.0,980.0,2.0,,,9.0,2.0,2.0,1.0,,1.0,2.0,,2.0,5.0,2.0,2.0,3.0,2.0,2.0,no response,no response,0.0,1.0,"pizza, pita, lasagna",1.0,3.0,3.0,5.0,9.0,low calories plenty of veggies,more healthy food such as vegetables than bad food such as burgers,2.0,5.0,1.0,3.0,7.0,1.0,unknown,2.0,no response,4.0,3.0,1.0,6.0,1.0,3.0,1.0,2.0,1.0,725.0,345.0,no response,3.0,2.0,1315.0,170.0
3.9,1.0,1.0,610.0,4.0,315.0,2.0,,,9.0,1.0,3.0,1.0,,1.0,1.0,,2.0,5.0,4.0,3.0,5.0,1.0,5.0,mechanical engineer,italian,1.0,3.0,"mac & cheese, chicken, stir fry",1.0,5.0,4.0,5.0,10.0,a pice of meat such as chicken with a side of vegetables and possibly a salad,i wouldn't want or crave any sweets or breads.i would be satisfied with protein and fruit and veggies,4.0,6.0,5.0,5.0,9.0,2.0,"dinner, lunch, dessert",5.0,fourth grade teacher,4.0,1.0,2.0,3.0,5.0,3.0,1.0,2.0,5.0,725.0,500.0,no response,3.0,2.0,900.0,129.0
3.6,1.0,1.0,430.0,2.0,420.0,1.0,,,9.0,2.0,2.0,1.0,,2.0,2.0,,1.0,2.0,3.0,2.0,3.0,2.0,4.0,teacher,italian,1.0,1.0,mac and cheese,1.0,4.0,4.0,3.0,9.0,"blackened chicken, broccoli, and milk",my ideal diet would be a healthy diet. i would eat meats and veggies,7.0,6.0,2.0,5.0,1.0,2.0,"beef stroganoff, chicken and mashed potatoes, tacos",4.0,accountant,4.0,1.0,2.0,3.0,3.0,4.0,1.0,2.0,2.0,1165.0,690.0,no response,2.0,2.0,900.0,170.0
2.8,2.0,1.0,610.0,3.0,315.0,2.0,,,9.0,3.0,3.0,4.0,,2.0,2.0,,1.0,10.0,3.0,3.0,4.0,2.0,5.0,politician,korean,4.0,3.0,"dumplings, chicken curry and pizza",1.0,4.0,2.0,3.0,7.0,"meat, greens and food containing protein",healthy and tasty,2.0,3.0,5.0,4.0,7.0,2.0,"meat, meat and meat",5.0,"works in wwf, world wild life fund",3.0,1.0,1.0,5.0,3.0,1.0,1.0,1.0,5.0,940.0,850.0,"tennis, basketball",3.0,2.0,760.0,138.0
3.3,2.0,1.0,610.0,4.0,980.0,2.0,,,9.0,4.0,1.0,1.0,,2.0,2.0,,1.0,3.0,2.0,2.0,2.0,1.0,5.0,pharmaceutical,i do not like cuisine,0.0,3.0,"pasta, pizza, popcorn",1.0,5.0,1.0,1.0,10.0,intaking the proper amount of each food group,"my ideal diet would be an equal balance of all the food groups. i would like to eat more protein. also, i would prefer to cut back on the junk food",3.0,6.0,1.0,4.0,10.0,2.0,"pasta, chicken, pizza",5.0,health teacher,1.0,1.0,1.0,5.0,2.0,2.0,1.0,1.0,1.0,1165.0,690.0,hockey,2.0,2.0,1315.0,150.0
3.4,1.0,1.0,610.0,1.0,420.0,2.0,,,9.0,3.0,2.0,1.0,,2.0,1.0,,1.0,3.0,4.0,3.0,4.0,2.0,3.0,business man,chinese,4.0,2.0,"fry chicken, rice vegetable",1.0,5.0,1.0,1.0,5.0,bbq chicken with mash sweat potatoes and steam vegetable with corn and a glass of water,very healthy. freshly done. properly cooked,5.0,1.0,3.0,5.0,2.0,1.0,"rice and peas and chicken, jerk chicken and shrimp",3.0,business woman,2.0,1.0,2.0,3.0,1.0,4.0,1.0,2.0,5.0,725.0,345.0,none,5.0,1.0,1315.0,170.0
3.77,1.0,1.0,610.0,1.0,315.0,2.0,,,9.0,3.0,5.0,4.0,,1.0,1.0,,2.0,5.0,2.0,2.0,4.0,1.0,2.0,his own business,vietnamese cuisine,4.0,3.0,"noodle, wings, and tiramisu",1.0,3.0,2.0,2.0,9.0,including both vegetable and meat,my ideal diet should include both vegetable and meat. it is not only healthy but also delicious,2.0,2.0,2.0,4.0,7.0,1.0,"vietnamese fried rolls, pho, some kinds of noodles",2.0,her own business,2.0,1.0,1.0,2.0,2.0,4.0,1.0,2.0,5.0,725.0,690.0,"no, i don't play sport",3.0,1.0,760.0,113.0
3.63,1.0,1.0,430.0,3.0,420.0,1.0,,,9.0,3.0,1.0,1.0,,2.0,1.0,,2.0,5.0,2.0,2.0,4.0,2.0,2.0,hvac technician,american,5.0,1.0,chinese,1.0,5.0,2.0,3.0,5.0,chicken vegetables and fruit for dinner,all home cooked. healthy. vegetables and fruit,5.0,3.0,3.0,5.0,8.0,2.0,chinese tacos or pasta,2.0,grieveance coordinator of the sci albion prison,2.0,3.0,3.0,4.0,2.0,4.0,1.0,2.0,4.0,940.0,345.0,no response,5.0,2.0,1315.0,140.0
3.2,2.0,1.0,610.0,3.0,420.0,2.0,,,9.0,2.0,7.0,5.0,,2.0,1.0,,2.0,5.0,2.0,2.0,5.0,2.0,5.0,united nations,indian,8.0,3.0,"pizza, burger, pasta",1.0,5.0,4.0,5.0,7.0,a diet that is well balanced in most of the nutrients needed for the body,healthy balanced diet that tastes well,3.0,2.0,5.0,5.0,6.0,2.0,"chicken, rice, vegetables",5.0,banker,2.0,1.0,1.0,3.0,5.0,4.0,1.0,1.0,5.0,1165.0,690.0,soccer,5.0,2.0,1315.0,185.0
3.5,1.0,1.0,610.0,4.0,420.0,2.0,,,9.0,3.0,2.0,1.0,,2.0,2.0,,1.0,3.0,2.0,1.0,4.0,2.0,4.0,accountant,italian,1.0,1.0,stromboli mac and cheese and pizza,1.0,5.0,4.0,5.0,5.0,mainly protein and vegetables with a complex carb,"my ideal diet would consist of a majority of what i consume now. i like to think i make pretty healthy choices currently, so it would most likely remain the same",6.0,4.0,3.0,5.0,7.0,1.0,"pasta, fish, steak",3.0,radiological technician,5.0,3.0,1.0,4.0,3.0,4.0,1.0,1.0,5.0,940.0,500.0,softball,5.0,1.0,1315.0,156.0
3.0,1.0,1.0,265.0,2.0,315.0,2.0,,,9.0,3.0,3.0,1.0,,2.0,1.0,,1.0,3.0,4.0,3.0,3.0,2.0,5.0,doctor,mexican food,2.0,1.0,"isombe , plantains and ugali",1.0,4.0,4.0,1.0,5.0,"a healthy meal is a variety of food , organic food that gives you the nutrients such as protein , carbohydrates , fat , water , vitamins and minerals",eating home cooked meals everyday and being able to not eat processed foods at all,5.0,2.0,5.0,5.0,7.0,1.0,fried rice,,unknown,,,,,,,,,,,,unknown,,,,
,,,,,,,,,,,,,,,,,,,,,,,,unknown,unknown,,,unknown,,,,,,unknown,unknown,,,,,,,unknown,,unknown,,,,,,,,,,,,unknown,,,,
,2.0,,3.0,1.0,3.0,4.0,1.0,4.0,1.0,1.0,4.0,940.0,500.0,,5.0,2.0,1315.0,180.0,,,,,,unknown,unknown,,,unknown,,,,,,unknown,unknown,,,,,,,unknown,,unknown,,,,,,,,,,,,unknown,,,,
3.882,1.0,1.0,720.0,1.0,420.0,1.0,,,9.0,3.0,3.0,1.0,,2.0,1.0,,1.0,3.0,3.0,3.0,5.0,2.0,5.0,ceo of company,korean,4.0,1.0,rice and potato,1.0,4.0,3.0,5.0,6.0,lots of vegetables,lots of veggies,2.0,2.0,5.0,3.0,10.0,1.0,"meat, rice, kimchi",1.0,real estate manageer,3.0,1.0,2.0,4.0,5.0,4.0,1.0,2.0,5.0,580.0,690.0,none,4.0,2.0,1315.0,120.0
3.0,2.0,1.0,720.0,4.0,420.0,1.0,,,9.0,3.0,7.0,1.0,,1.0,2.0,,1.0,8.0,5.0,2.0,2.0,1.0,3.0,store manager at giant eagle,italian,1.0,3.0,pizza and spaghetti,1.0,5.0,1.0,1.0,1.0,"a protein, a fruit, a starch, and a salad or some sort of vegetable",my ideal diet is the diet i am currently on.  the only thing i would change is a little bit less snack/junk food,6.0,4.0,1.0,5.0,1.0,1.0,"pizza, spaghetti, baked ziti",2.0,receptionist for a medical supply company,4.0,1.0,2.0,3.0,1.0,2.0,2.0,2.0,1.0,940.0,500.0,no response,3.0,1.0,1315.0,135.0
3.9,1.0,1.0,430.0,1.0,315.0,2.0,,,9.0,3.0,5.0,3.0,,1.0,1.0,,2.0,5.0,1.0,2.0,3.0,2.0,4.0,journalist,hispanic cuisine,2.0,1.0,"rice, beans, and chicken / pizza/ tenders",1.0,3.0,3.0,2.0,3.0,"a cup of rice, vegetables, and meat","being able to balance between sweets, vegetables, fruits, carbohydrates, and fat",3.0,5.0,2.0,3.0,5.0,2.0,"vegetables, meat, and rice",3.0,house-wife,5.0,1.0,3.0,3.0,2.0,3.0,1.0,2.0,2.0,725.0,345.0,no response,4.0,2.0,575.0,135.0
